post,onde
Eu não gostei do Nike 360. Ele é uma porcaria!,norte
O Nike 360 é muito ruim! Eu realmente não gostei,norte
O Nike 360 é muito ruim! Jesus!!!,norte
Nike 360 é muito quente! Não recomendo!,nordeste
Nike 360 é muito quente! Não gostei!,nordeste
Nike 360 é o pior sapato que tem! Não comprem! ,nordeste
Eu não gostei do Nike 360. Ele é uma porcaria!,sul
O Nike 360 é muito ruim! Eu realmente não gostei,sul
O Nike 360 é muito ruim! Serio!!! #triste,sul
Nike 360 é muito quente! Não recomendo!,suldeste
Nike 360 é o pior sapato que tem! Não comprem! ,suldeste
Nike 360 é o pior sapato que existe! Muito ruim!,suldeste
Nike Couro Shox é um otimo sapato! Recomendo!,norte
Nike Couro Shox foi minha melhorar compra! ,norte
Amei o Nike Couro Shox!! Vou correr todos os dias agora!! haha,norte
Nike Couro Shox é um otimo sapato! Super Recomendo!,nordeste
Nike Couro Shox foi minha melhorar compra! ,nordeste
Amei o Nike Couro Shox!! Vou correr todos os dias agora!! otimo!!,nordeste
Nike Couro Shox é um otimo sapato! Recomendo!,sul
Nike Couro Shox foi minha melhorar compra! ,sul
Amei o Nike Couro Shox!! Vou correr todos os dias agora!! haha,sul
Nike Couro Shox é um otimo sapato! Recomendo!,suldeste
Nike Couro Shox foi minha melhorar compra! ,suldeste
Amei o Nike Couro Shox!! Vou correr todos os dias agora!! haha,suldeste
Nike Beu gostei muito! excelente sapato!,nordeste
Nike Beu é um otimo sapato! Realmente gostei!,nordeste
Nike Beu é um otimo sapato! Realmente gostei!,nordeste
Nike Beu é um otimo sapato! Realmente gostei!,norte
Nike Beu é um otimo sapato! Realmente gostei!,norte
Nike Beu é um otimo sapato! Excelente sapatoi!,norte
Sinto frio usando o Nike Beu! Não gostei!,sul
Sinto frio usando o Nike Beu! Não recomendo!,sul
Não recomendo o Nike beu! ,sul
Não recomendo o Nike beu! ,suldeste
Não gostei do Nike beu!!,suldeste 
Não gostei do Nike beu!!!!,suldeste
Gostei muito do Nike Nyx!! excelente sapato!,sul
Gostei muito do Nike Nyx!! excelente sapato!,sul
Gostei muito do Nike Nyx!! excelente sapato!,sul
Melhor sapato!! Nike Nyx ,suldeste
Melhor sapato!! Nike Nyx ,suldeste 
Melhor sapato!! Nike Nyx ,suldeste
Que porcaria de sapato esse Nike Nyx!!! ,norte
Que porcaria de sapato esse Nike Nyx!!! ,norte
Que porcaria de sapato esse Nike Nyx!!! ,norte
Nao gostei do Nike Nyx. Que sapato ruim!,nordeste
Nao gostei do Nike Nyx. Que sapato ruim!,nordeste
Nao gostei do Nike Nyx. Que sapato ruim!,nordeste
